EBC-2025-1-0051|Chestermere merging with Calgary|full_corpus,2026-05-10T09:00:29.266851
EBC-2025-1-0081|Calgary-Nolan Hill-Cochrane hybrid|full_corpus,2026-05-10T09:01:04.757188
EBC-2025-1-0082|Airdrie 4-way split|full_corpus,2026-05-10T09:01:49.962342
EBC-2025-1-0082|Calgary-Nolan Hill-Cochrane hybrid|full_corpus,2026-05-10T09:02:22.582719
"EBC-2025-1-0082|Red Deer hybrid ridings (Blackfalds, Sylvan Lake, Innisfail)|full_corpus",2026-05-10T09:03:03.125161
EBC-2025-1-0082|St. Albert merging with Sturgeon County|full_corpus,2026-05-10T09:03:58.382802
EBC-2025-1-0102|Calgary-Nolan Hill-Cochrane hybrid|full_corpus,2026-05-10T09:04:44.619232
EBC-2025-1-0051|Chestermere merging with Calgary|full_corpus,2026-05-10T09:07:33.864341
EBC-2025-1-0081|Calgary-Nolan Hill-Cochrane hybrid|full_corpus,2026-05-10T09:08:24.392901
EBC-2025-1-0082|Airdrie 4-way split|full_corpus,2026-05-10T09:09:10.519848
EBC-2025-1-0082|Calgary-Nolan Hill-Cochrane hybrid|full_corpus,2026-05-10T09:10:07.527779
EBC-2025-1-0051|Chestermere merging with Calgary|full_corpus,2026-05-10T09:10:39.269701
"EBC-2025-1-0082|Red Deer hybrid ridings (Blackfalds, Sylvan Lake, Innisfail)|full_corpus",2026-05-10T09:10:55.403918
EBC-2025-1-0081|Calgary-Nolan Hill-Cochrane hybrid|full_corpus,2026-05-10T09:11:09.673017
EBC-2025-1-0082|St. Albert merging with Sturgeon County|full_corpus,2026-05-10T09:11:23.008288
EBC-2025-1-0082|Airdrie 4-way split|full_corpus,2026-05-10T09:11:54.577924
EBC-2025-1-0102|Calgary-Nolan Hill-Cochrane hybrid|full_corpus,2026-05-10T09:12:01.332571
EBC-2025-1-0106|Calgary-Nolan Hill-Cochrane hybrid|full_corpus,2026-05-10T09:12:28.925658
EBC-2025-1-0082|Calgary-Nolan Hill-Cochrane hybrid|full_corpus,2026-05-10T09:12:33.809436
EBC-2025-1-0110|Calgary-Nolan Hill-Cochrane hybrid|full_corpus,2026-05-10T09:12:46.574670
"EBC-2025-1-0082|Red Deer hybrid ridings (Blackfalds, Sylvan Lake, Innisfail)|full_corpus",2026-05-10T09:12:57.211398
EBC-2025-1-0110|Rocky Mountain House-Banff Park hybrid|full_corpus,2026-05-10T09:13:15.575317
EBC-2025-1-0082|St. Albert merging with Sturgeon County|full_corpus,2026-05-10T09:13:19.016795
EBC-2025-1-0125|St. Albert merging with Sturgeon County|full_corpus,2026-05-10T09:13:38.690581
EBC-2025-1-0102|Calgary-Nolan Hill-Cochrane hybrid|full_corpus,2026-05-10T09:13:40.257760
EBC-2025-1-0106|Calgary-Nolan Hill-Cochrane hybrid|full_corpus,2026-05-10T09:13:59.998742
EBC-2025-1-0133|St. Albert merging with Sturgeon County|full_corpus,2026-05-10T09:14:03.558033
EBC-2025-1-0110|Calgary-Nolan Hill-Cochrane hybrid|full_corpus,2026-05-10T09:14:24.663221
EBC-2025-1-0134|Calgary-Nolan Hill-Cochrane hybrid|full_corpus,2026-05-10T09:14:32.215551
EBC-2025-1-0110|Rocky Mountain House-Banff Park hybrid|full_corpus,2026-05-10T09:14:52.167811
EBC-2025-1-0137|Rocky Mountain House-Banff Park hybrid|full_corpus,2026-05-10T09:14:52.586462
EBC-2025-1-0125|St. Albert merging with Sturgeon County|full_corpus,2026-05-10T09:15:14.145342
EBC-2025-1-0138|Airdrie 4-way split|full_corpus,2026-05-10T09:15:14.767386
"EBC-2025-1-0138|Red Deer hybrid ridings (Blackfalds, Sylvan Lake, Innisfail)|full_corpus",2026-05-10T09:15:40.087647
EBC-2025-1-0133|St. Albert merging with Sturgeon County|full_corpus,2026-05-10T09:15:40.280751
EBC-2025-1-0138|St. Albert merging with Sturgeon County|full_corpus,2026-05-10T09:16:13.685792
EBC-2025-1-0134|Calgary-Nolan Hill-Cochrane hybrid|full_corpus,2026-05-10T09:16:14.042587
EBC-2025-1-0139|Calgary-Nolan Hill-Cochrane hybrid|full_corpus,2026-05-10T09:16:35.799555
EBC-2025-1-0137|Rocky Mountain House-Banff Park hybrid|full_corpus,2026-05-10T09:16:46.499229
EBC-2025-1-0152|Airdrie 4-way split|full_corpus,2026-05-10T09:17:06.138347
EBC-2025-1-0138|Airdrie 4-way split|full_corpus,2026-05-10T09:17:20.998899
"EBC-2025-1-0152|Red Deer hybrid ridings (Blackfalds, Sylvan Lake, Innisfail)|full_corpus",2026-05-10T09:17:38.663584
EBC-2025-1-0051|Chestermere merging with Calgary|full_corpus,2026-05-10T09:17:43.274510
"EBC-2025-1-0138|Red Deer hybrid ridings (Blackfalds, Sylvan Lake, Innisfail)|full_corpus",2026-05-10T09:17:51.978764
EBC-2025-1-0152|St. Albert merging with Sturgeon County|full_corpus,2026-05-10T09:18:03.900648
EBC-2025-1-0081|Calgary-Nolan Hill-Cochrane hybrid|full_corpus,2026-05-10T09:18:05.055898
EBC-2025-1-0138|St. Albert merging with Sturgeon County|full_corpus,2026-05-10T09:18:18.528051
EBC-2025-1-0154|St. Albert merging with Sturgeon County|full_corpus,2026-05-10T09:18:35.334204
EBC-2025-1-0082|Airdrie 4-way split|full_corpus,2026-05-10T09:18:41.517574
EBC-2025-1-0139|Calgary-Nolan Hill-Cochrane hybrid|full_corpus,2026-05-10T09:18:51.675821
EBC-2025-1-0157|St. Albert merging with Sturgeon County|full_corpus,2026-05-10T09:18:58.536072
EBC-2025-1-0152|Airdrie 4-way split|full_corpus,2026-05-10T09:19:16.371378
EBC-2025-1-0082|Calgary-Nolan Hill-Cochrane hybrid|full_corpus,2026-05-10T09:19:20.665508
EBC-2025-1-0162|Airdrie 4-way split|full_corpus,2026-05-10T09:19:22.231687
"EBC-2025-1-0152|Red Deer hybrid ridings (Blackfalds, Sylvan Lake, Innisfail)|full_corpus",2026-05-10T09:19:40.315629
EBC-2025-1-0167|Calgary-Nolan Hill-Cochrane hybrid|full_corpus,2026-05-10T09:19:45.347816
"EBC-2025-1-0082|Red Deer hybrid ridings (Blackfalds, Sylvan Lake, Innisfail)|full_corpus",2026-05-10T09:19:45.382225
EBC-2025-1-0152|St. Albert merging with Sturgeon County|full_corpus,2026-05-10T09:20:03.343710
EBC-2025-1-0178|St. Albert merging with Sturgeon County|full_corpus,2026-05-10T09:20:08.535207
EBC-2025-1-0082|St. Albert merging with Sturgeon County|full_corpus,2026-05-10T09:20:18.832542
EBC-2025-1-0154|St. Albert merging with Sturgeon County|full_corpus,2026-05-10T09:20:25.101616
EBC-2025-1-0181|Calgary-Nolan Hill-Cochrane hybrid|full_corpus,2026-05-10T09:20:33.155865
EBC-2025-1-0102|Calgary-Nolan Hill-Cochrane hybrid|full_corpus,2026-05-10T09:20:45.986074
EBC-2025-1-0157|St. Albert merging with Sturgeon County|full_corpus,2026-05-10T09:20:50.282973
EBC-2025-2-0013|Airdrie 4-way split|full_corpus,2026-05-10T09:21:09.187777
EBC-2025-1-0106|Calgary-Nolan Hill-Cochrane hybrid|full_corpus,2026-05-10T09:21:15.767566
EBC-2025-1-0162|Airdrie 4-way split|full_corpus,2026-05-10T09:21:22.128004
EBC-2025-2-0046|Airdrie 4-way split|full_corpus,2026-05-10T09:21:34.426214
EBC-2025-1-0110|Calgary-Nolan Hill-Cochrane hybrid|full_corpus,2026-05-10T09:21:40.551010
EBC-2025-1-0167|Calgary-Nolan Hill-Cochrane hybrid|full_corpus,2026-05-10T09:21:50.160278
EBC-2025-2-0047|Airdrie 4-way split|full_corpus,2026-05-10T09:21:53.378234
EBC-2025-1-0178|St. Albert merging with Sturgeon County|full_corpus,2026-05-10T09:22:06.961892
EBC-2025-1-0110|Rocky Mountain House-Banff Park hybrid|full_corpus,2026-05-10T09:22:07.718884
EBC-2025-2-0048|St. Albert merging with Sturgeon County|full_corpus,2026-05-10T09:22:20.462962
EBC-2025-1-0125|St. Albert merging with Sturgeon County|full_corpus,2026-05-10T09:22:27.803485
EBC-2025-1-0181|Calgary-Nolan Hill-Cochrane hybrid|full_corpus,2026-05-10T09:22:28.073333
EBC-2025-2-0065|Rocky Mountain House-Banff Park hybrid|full_corpus,2026-05-10T09:22:45.276993
EBC-2025-1-0133|St. Albert merging with Sturgeon County|full_corpus,2026-05-10T09:22:49.626922
EBC-2025-2-0013|Airdrie 4-way split|full_corpus,2026-05-10T09:23:00.229424
EBC-2025-2-0069|Rocky Mountain House-Banff Park hybrid|full_corpus,2026-05-10T09:23:03.078575
EBC-2025-1-0134|Calgary-Nolan Hill-Cochrane hybrid|full_corpus,2026-05-10T09:23:21.557519
EBC-2025-2-0046|Airdrie 4-way split|full_corpus,2026-05-10T09:23:21.591108
EBC-2025-2-0075|Rocky Mountain House-Banff Park hybrid|full_corpus,2026-05-10T09:23:30.777126
EBC-2025-2-0047|Airdrie 4-way split|full_corpus,2026-05-10T09:23:46.158560
EBC-2025-1-0137|Rocky Mountain House-Banff Park hybrid|full_corpus,2026-05-10T09:23:47.224654
EBC-2025-2-0083|Rocky Mountain House-Banff Park hybrid|full_corpus,2026-05-10T09:23:50.454074
EBC-2025-2-0084|Rocky Mountain House-Banff Park hybrid|full_corpus,2026-05-10T09:24:13.096793
EBC-2025-1-0138|Airdrie 4-way split|full_corpus,2026-05-10T09:24:16.268523
EBC-2025-2-0048|St. Albert merging with Sturgeon County|full_corpus,2026-05-10T09:24:27.461467
"EBC-2025-1-0138|Red Deer hybrid ridings (Blackfalds, Sylvan Lake, Innisfail)|full_corpus",2026-05-10T09:24:40.487677
EBC-2025-2-0087|Rocky Mountain House-Banff Park hybrid|full_corpus,2026-05-10T09:24:40.629357
EBC-2025-2-0065|Rocky Mountain House-Banff Park hybrid|full_corpus,2026-05-10T09:24:59.115678
EBC-2025-1-0138|St. Albert merging with Sturgeon County|full_corpus,2026-05-10T09:25:20.018646
EBC-2025-2-0089|Rocky Mountain House-Banff Park hybrid|full_corpus,2026-05-10T09:25:24.092159
EBC-2025-2-0069|Rocky Mountain House-Banff Park hybrid|full_corpus,2026-05-10T09:25:31.424111
EBC-2025-1-0139|Calgary-Nolan Hill-Cochrane hybrid|full_corpus,2026-05-10T09:25:45.320367
EBC-2025-2-0091|Rocky Mountain House-Banff Park hybrid|full_corpus,2026-05-10T09:25:53.435086
EBC-2025-2-0075|Rocky Mountain House-Banff Park hybrid|full_corpus,2026-05-10T09:25:59.810051
EBC-2025-1-0152|Airdrie 4-way split|full_corpus,2026-05-10T09:26:08.851995
EBC-2025-2-0095|Rocky Mountain House-Banff Park hybrid|full_corpus,2026-05-10T09:26:14.533177
EBC-2025-2-0083|Rocky Mountain House-Banff Park hybrid|full_corpus,2026-05-10T09:26:21.076702
"EBC-2025-1-0152|Red Deer hybrid ridings (Blackfalds, Sylvan Lake, Innisfail)|full_corpus",2026-05-10T09:26:37.029694
EBC-2025-2-0084|Rocky Mountain House-Banff Park hybrid|full_corpus,2026-05-10T09:26:38.535166
EBC-2025-1-0152|St. Albert merging with Sturgeon County|full_corpus,2026-05-10T09:26:56.037956
EBC-2025-2-0087|Rocky Mountain House-Banff Park hybrid|full_corpus,2026-05-10T09:26:57.922873
EBC-2025-2-0089|Rocky Mountain House-Banff Park hybrid|full_corpus,2026-05-10T09:27:16.773984
EBC-2025-1-0154|St. Albert merging with Sturgeon County|full_corpus,2026-05-10T09:27:19.080523
EBC-2025-2-0091|Rocky Mountain House-Banff Park hybrid|full_corpus,2026-05-10T09:27:41.645023
EBC-2025-1-0157|St. Albert merging with Sturgeon County|full_corpus,2026-05-10T09:27:47.435747
EBC-2025-2-0095|Rocky Mountain House-Banff Park hybrid|full_corpus,2026-05-10T09:28:07.488224
EBC-2025-1-0162|Airdrie 4-way split|full_corpus,2026-05-10T09:28:19.398739
EBC-2025-2-0096|Rocky Mountain House-Banff Park hybrid|full_corpus,2026-05-10T09:28:34.579957
EBC-2025-1-0167|Calgary-Nolan Hill-Cochrane hybrid|full_corpus,2026-05-10T09:28:41.669570
EBC-2025-2-0112|Olds-Three Hills-Didsbury extending to Airdrie|full_corpus,2026-05-10T09:28:52.504864
EBC-2025-1-0178|St. Albert merging with Sturgeon County|full_corpus,2026-05-10T09:29:03.616538
"EBC-2025-2-0112|Red Deer hybrid ridings (Blackfalds, Sylvan Lake, Innisfail)|full_corpus",2026-05-10T09:29:15.880904
EBC-2025-1-0181|Calgary-Nolan Hill-Cochrane hybrid|full_corpus,2026-05-10T09:29:23.675092
EBC-2025-2-0113|Rocky Mountain House-Banff Park hybrid|full_corpus,2026-05-10T09:29:35.086899
EBC-2025-2-0013|Airdrie 4-way split|full_corpus,2026-05-10T09:29:50.802319
EBC-2025-2-0113|Olds-Three Hills-Didsbury extending to Airdrie|full_corpus,2026-05-10T09:29:55.283451
EBC-2025-2-0046|Airdrie 4-way split|full_corpus,2026-05-10T09:30:13.550749
EBC-2025-2-0116|Rocky Mountain House-Banff Park hybrid|full_corpus,2026-05-10T09:30:14.040915
EBC-2025-2-0047|Airdrie 4-way split|full_corpus,2026-05-10T09:30:37.058049
EBC-2025-2-0116|Olds-Three Hills-Didsbury extending to Airdrie|full_corpus,2026-05-10T09:30:42.720451
EBC-2025-2-0117|Rocky Mountain House-Banff Park hybrid|full_corpus,2026-05-10T09:31:15.174133
EBC-2025-2-0048|St. Albert merging with Sturgeon County|full_corpus,2026-05-10T09:31:19.288457
EBC-2025-2-0120|Olds-Three Hills-Didsbury extending to Airdrie|full_corpus,2026-05-10T09:31:44.909933
EBC-2025-2-0065|Rocky Mountain House-Banff Park hybrid|full_corpus,2026-05-10T09:31:45.433844
EBC-2025-2-0069|Rocky Mountain House-Banff Park hybrid|full_corpus,2026-05-10T09:32:18.180753
EBC-2025-2-0126|Airdrie 4-way split|full_corpus,2026-05-10T09:32:20.113510
EBC-2025-2-0075|Rocky Mountain House-Banff Park hybrid|full_corpus,2026-05-10T09:32:54.739245
EBC-2025-2-0136|Rocky Mountain House-Banff Park hybrid|full_corpus,2026-05-10T09:33:00.133744
EBC-2025-2-0083|Rocky Mountain House-Banff Park hybrid|full_corpus,2026-05-10T09:33:28.254651
EBC-2025-2-0137|Rocky Mountain House-Banff Park hybrid|full_corpus,2026-05-10T09:33:34.201776
EBC-2025-2-0084|Rocky Mountain House-Banff Park hybrid|full_corpus,2026-05-10T09:33:50.622565
EBC-2025-2-0142|Olds-Three Hills-Didsbury extending to Airdrie|full_corpus,2026-05-10T09:34:04.852148
EBC-2025-2-0087|Rocky Mountain House-Banff Park hybrid|full_corpus,2026-05-10T09:34:29.662407
"EBC-2025-2-0154|Red Deer hybrid ridings (Blackfalds, Sylvan Lake, Innisfail)|full_corpus",2026-05-10T09:34:36.599207
EBC-2025-2-0156|Rocky Mountain House-Banff Park hybrid|full_corpus,2026-05-10T09:35:05.449141
EBC-2025-2-0089|Rocky Mountain House-Banff Park hybrid|full_corpus,2026-05-10T09:35:05.948451
EBC-2025-2-0091|Rocky Mountain House-Banff Park hybrid|full_corpus,2026-05-10T09:35:41.697063
EBC-2025-2-0161|Airdrie 4-way split|full_corpus,2026-05-10T09:35:45.149627
EBC-2025-2-0161|Olds-Three Hills-Didsbury extending to Airdrie|full_corpus,2026-05-10T09:36:25.718907
EBC-2025-2-0095|Rocky Mountain House-Banff Park hybrid|full_corpus,2026-05-10T09:36:25.797625
EBC-2025-2-0162|St. Albert merging with Sturgeon County|full_corpus,2026-05-10T09:37:06.341598
EBC-2025-2-0096|Rocky Mountain House-Banff Park hybrid|full_corpus,2026-05-10T09:37:11.716964
"EBC-2025-2-0165|Red Deer hybrid ridings (Blackfalds, Sylvan Lake, Innisfail)|full_corpus",2026-05-10T09:37:36.471669
EBC-2025-2-0112|Olds-Three Hills-Didsbury extending to Airdrie|full_corpus,2026-05-10T09:37:40.034683
"EBC-2025-2-0179|Red Deer hybrid ridings (Blackfalds, Sylvan Lake, Innisfail)|full_corpus",2026-05-10T09:38:03.454369
"EBC-2025-2-0112|Red Deer hybrid ridings (Blackfalds, Sylvan Lake, Innisfail)|full_corpus",2026-05-10T09:38:08.225349
EBC-2025-2-0200|Rocky Mountain House-Banff Park hybrid|full_corpus,2026-05-10T09:38:41.918762
EBC-2025-2-0113|Rocky Mountain House-Banff Park hybrid|full_corpus,2026-05-10T09:38:44.485953
EBC-2025-2-0113|Olds-Three Hills-Didsbury extending to Airdrie|full_corpus,2026-05-10T09:39:14.201590
EBC-2025-2-0208|Chestermere merging with Calgary|full_corpus,2026-05-10T09:39:18.202472
EBC-2025-2-0116|Rocky Mountain House-Banff Park hybrid|full_corpus,2026-05-10T09:39:56.707387
EBC-2025-2-0209|Airdrie 4-way split|full_corpus,2026-05-10T09:40:02.507734
EBC-2025-2-0116|Olds-Three Hills-Didsbury extending to Airdrie|full_corpus,2026-05-10T09:40:31.608981
EBC-2025-2-0209|Rocky Mountain House-Banff Park hybrid|full_corpus,2026-05-10T09:40:35.373030
EBC-2025-2-0117|Rocky Mountain House-Banff Park hybrid|full_corpus,2026-05-10T09:41:03.105818
EBC-2025-2-0209|Olds-Three Hills-Didsbury extending to Airdrie|full_corpus,2026-05-10T09:41:03.305552
EBC-2025-2-0120|Olds-Three Hills-Didsbury extending to Airdrie|full_corpus,2026-05-10T09:41:30.889194
EBC-2025-2-0217|Olds-Three Hills-Didsbury extending to Airdrie|full_corpus,2026-05-10T09:41:31.075310
"EBC-2025-2-0220|Red Deer hybrid ridings (Blackfalds, Sylvan Lake, Innisfail)|full_corpus",2026-05-10T09:41:58.773901
EBC-2025-2-0126|Airdrie 4-way split|full_corpus,2026-05-10T09:42:06.782760
EBC-2025-2-0230|Olds-Three Hills-Didsbury extending to Airdrie|full_corpus,2026-05-10T09:42:27.073523
EBC-2025-2-0136|Rocky Mountain House-Banff Park hybrid|full_corpus,2026-05-10T09:42:34.036339
EBC-2025-2-0236|Rocky Mountain House-Banff Park hybrid|full_corpus,2026-05-10T09:43:00.905650
EBC-2025-2-0137|Rocky Mountain House-Banff Park hybrid|full_corpus,2026-05-10T09:43:02.631536
EBC-2025-2-0142|Olds-Three Hills-Didsbury extending to Airdrie|full_corpus,2026-05-10T09:43:32.785433
EBC-2025-2-0238|Rocky Mountain House-Banff Park hybrid|full_corpus,2026-05-10T09:43:41.663628
"EBC-2025-2-0154|Red Deer hybrid ridings (Blackfalds, Sylvan Lake, Innisfail)|full_corpus",2026-05-10T09:44:00.326595
EBC-2025-2-0239|Airdrie 4-way split|full_corpus,2026-05-10T09:44:11.786363
EBC-2025-2-0156|Rocky Mountain House-Banff Park hybrid|full_corpus,2026-05-10T09:44:21.198490
EBC-2025-2-0251|Calgary-Nolan Hill-Cochrane hybrid|full_corpus,2026-05-10T09:44:37.353845
EBC-2025-2-0161|Airdrie 4-way split|full_corpus,2026-05-10T09:44:45.283077
EBC-2025-2-0252|Olds-Three Hills-Didsbury extending to Airdrie|full_corpus,2026-05-10T09:45:06.964169
EBC-2025-2-0161|Olds-Three Hills-Didsbury extending to Airdrie|full_corpus,2026-05-10T09:45:12.978234
"EBC-2025-2-0252|Red Deer hybrid ridings (Blackfalds, Sylvan Lake, Innisfail)|full_corpus",2026-05-10T09:45:29.072274
EBC-2025-2-0162|St. Albert merging with Sturgeon County|full_corpus,2026-05-10T09:45:35.582530
EBC-2025-2-0262|Rocky Mountain House-Banff Park hybrid|full_corpus,2026-05-10T09:45:50.730670
"EBC-2025-2-0165|Red Deer hybrid ridings (Blackfalds, Sylvan Lake, Innisfail)|full_corpus",2026-05-10T09:45:58.173447
"EBC-2025-2-0267|Red Deer hybrid ridings (Blackfalds, Sylvan Lake, Innisfail)|full_corpus",2026-05-10T09:46:15.006151
"EBC-2025-2-0179|Red Deer hybrid ridings (Blackfalds, Sylvan Lake, Innisfail)|full_corpus",2026-05-10T09:46:20.695040
EBC-2025-2-0268|Airdrie 4-way split|full_corpus,2026-05-10T09:46:37.811979
EBC-2025-2-0200|Rocky Mountain House-Banff Park hybrid|full_corpus,2026-05-10T09:46:45.072215
EBC-2025-2-0208|Chestermere merging with Calgary|full_corpus,2026-05-10T09:47:11.256268
EBC-2025-2-0268|Chestermere merging with Calgary|full_corpus,2026-05-10T09:47:15.584354
EBC-2025-2-0209|Airdrie 4-way split|full_corpus,2026-05-10T09:47:29.214335
EBC-2025-2-0274|Chestermere merging with Calgary|full_corpus,2026-05-10T09:47:37.117602
EBC-2025-2-0209|Rocky Mountain House-Banff Park hybrid|full_corpus,2026-05-10T09:47:51.254948
EBC-2025-2-0278|Chestermere merging with Calgary|full_corpus,2026-05-10T09:48:05.768931
EBC-2025-2-0209|Olds-Three Hills-Didsbury extending to Airdrie|full_corpus,2026-05-10T09:48:15.474855
EBC-2025-2-0283|Chestermere merging with Calgary|full_corpus,2026-05-10T09:48:29.872133
EBC-2025-2-0217|Olds-Three Hills-Didsbury extending to Airdrie|full_corpus,2026-05-10T09:48:34.332993
"EBC-2025-2-0220|Red Deer hybrid ridings (Blackfalds, Sylvan Lake, Innisfail)|full_corpus",2026-05-10T09:48:54.724284
EBC-2025-2-0284|Rocky Mountain House-Banff Park hybrid|full_corpus,2026-05-10T09:49:03.166970
EBC-2025-2-0230|Olds-Three Hills-Didsbury extending to Airdrie|full_corpus,2026-05-10T09:49:22.136798
"EBC-2025-2-0286|Red Deer hybrid ridings (Blackfalds, Sylvan Lake, Innisfail)|full_corpus",2026-05-10T09:49:29.654853
EBC-2025-2-0236|Rocky Mountain House-Banff Park hybrid|full_corpus,2026-05-10T09:49:45.742394
EBC-2025-2-0293|Chestermere merging with Calgary|full_corpus,2026-05-10T09:49:54.967060
EBC-2025-2-0238|Rocky Mountain House-Banff Park hybrid|full_corpus,2026-05-10T09:50:16.764714
"EBC-2025-2-0327|Red Deer hybrid ridings (Blackfalds, Sylvan Lake, Innisfail)|full_corpus",2026-05-10T09:50:31.463931
EBC-2025-2-0239|Airdrie 4-way split|full_corpus,2026-05-10T09:50:38.484131
EBC-2025-2-0328|Airdrie 4-way split|full_corpus,2026-05-10T09:50:52.412661
EBC-2025-2-0251|Calgary-Nolan Hill-Cochrane hybrid|full_corpus,2026-05-10T09:51:02.800299
EBC-2025-2-0328|Calgary-Nolan Hill-Cochrane hybrid|full_corpus,2026-05-10T09:51:17.627341
EBC-2025-2-0252|Olds-Three Hills-Didsbury extending to Airdrie|full_corpus,2026-05-10T09:51:28.591306
"EBC-2025-2-0334|Red Deer hybrid ridings (Blackfalds, Sylvan Lake, Innisfail)|full_corpus",2026-05-10T09:51:38.725378
"EBC-2025-2-0252|Red Deer hybrid ridings (Blackfalds, Sylvan Lake, Innisfail)|full_corpus",2026-05-10T09:52:00.181525
EBC-2025-2-0338|Rocky Mountain House-Banff Park hybrid|full_corpus,2026-05-10T09:52:01.949116
EBC-2025-2-0262|Rocky Mountain House-Banff Park hybrid|full_corpus,2026-05-10T09:52:28.349053
EBC-2025-2-0340|Rocky Mountain House-Banff Park hybrid|full_corpus,2026-05-10T09:52:32.311617
"EBC-2025-2-0267|Red Deer hybrid ridings (Blackfalds, Sylvan Lake, Innisfail)|full_corpus",2026-05-10T09:53:01.232716
EBC-2025-2-0349|St. Albert merging with Sturgeon County|full_corpus,2026-05-10T09:53:03.643993
EBC-2025-2-0365|Rocky Mountain House-Banff Park hybrid|full_corpus,2026-05-10T09:53:34.272065
EBC-2025-2-0268|Airdrie 4-way split|full_corpus,2026-05-10T09:53:47.747106
EBC-2025-2-0367|Rocky Mountain House-Banff Park hybrid|full_corpus,2026-05-10T09:53:57.526980
EBC-2025-2-0268|Chestermere merging with Calgary|full_corpus,2026-05-10T09:54:19.218064
"EBC-2025-2-0371|Red Deer hybrid ridings (Blackfalds, Sylvan Lake, Innisfail)|full_corpus",2026-05-10T09:54:30.105808
EBC-2025-2-0274|Chestermere merging with Calgary|full_corpus,2026-05-10T09:54:49.403256
EBC-2025-2-0374|Rocky Mountain House-Banff Park hybrid|full_corpus,2026-05-10T09:54:52.784191
EBC-2025-2-0278|Chestermere merging with Calgary|full_corpus,2026-05-10T09:55:09.925259
EBC-2025-2-0376|Rocky Mountain House-Banff Park hybrid|full_corpus,2026-05-10T09:55:15.854050
EBC-2025-2-0283|Chestermere merging with Calgary|full_corpus,2026-05-10T09:55:35.764811
EBC-2025-2-0381|Chestermere merging with Calgary|full_corpus,2026-05-10T09:55:52.214790
EBC-2025-2-0284|Rocky Mountain House-Banff Park hybrid|full_corpus,2026-05-10T09:56:01.174066
EBC-2025-2-0383|Rocky Mountain House-Banff Park hybrid|full_corpus,2026-05-10T09:56:11.225945
"EBC-2025-2-0286|Red Deer hybrid ridings (Blackfalds, Sylvan Lake, Innisfail)|full_corpus",2026-05-10T09:56:32.286294
EBC-2025-2-0384|Chestermere merging with Calgary|full_corpus,2026-05-10T09:56:36.713326
EBC-2025-2-0293|Chestermere merging with Calgary|full_corpus,2026-05-10T09:56:52.498356
EBC-2025-2-0387|Rocky Mountain House-Banff Park hybrid|full_corpus,2026-05-10T09:57:07.359154
"EBC-2025-2-0327|Red Deer hybrid ridings (Blackfalds, Sylvan Lake, Innisfail)|full_corpus",2026-05-10T09:57:20.432107
"EBC-2025-2-0392|Red Deer hybrid ridings (Blackfalds, Sylvan Lake, Innisfail)|full_corpus",2026-05-10T09:57:37.814786
EBC-2025-2-0328|Airdrie 4-way split|full_corpus,2026-05-10T09:57:48.687713
"EBC-2025-2-0399|Red Deer hybrid ridings (Blackfalds, Sylvan Lake, Innisfail)|full_corpus",2026-05-10T09:58:01.131626
EBC-2025-2-0328|Calgary-Nolan Hill-Cochrane hybrid|full_corpus,2026-05-10T09:58:10.973266
"EBC-2025-2-0402|Red Deer hybrid ridings (Blackfalds, Sylvan Lake, Innisfail)|full_corpus",2026-05-10T09:58:27.433803
"EBC-2025-2-0334|Red Deer hybrid ridings (Blackfalds, Sylvan Lake, Innisfail)|full_corpus",2026-05-10T09:58:35.193754
EBC-2025-2-0403|Olds-Three Hills-Didsbury extending to Airdrie|full_corpus,2026-05-10T09:58:50.988110
EBC-2025-2-0338|Rocky Mountain House-Banff Park hybrid|full_corpus,2026-05-10T09:58:56.849405
"EBC-2025-2-0408|Red Deer hybrid ridings (Blackfalds, Sylvan Lake, Innisfail)|full_corpus",2026-05-10T09:59:16.337614
EBC-2025-2-0340|Rocky Mountain House-Banff Park hybrid|full_corpus,2026-05-10T09:59:25.984170
EBC-2025-2-0409|Rocky Mountain House-Banff Park hybrid|full_corpus,2026-05-10T09:59:46.734689
EBC-2025-2-0349|St. Albert merging with Sturgeon County|full_corpus,2026-05-10T09:59:49.930177
EBC-2025-2-0420|Rocky Mountain House-Banff Park hybrid|full_corpus,2026-05-10T10:00:08.716396
EBC-2025-2-0365|Rocky Mountain House-Banff Park hybrid|full_corpus,2026-05-10T10:00:15.873626
"EBC-2025-2-0421|Red Deer hybrid ridings (Blackfalds, Sylvan Lake, Innisfail)|full_corpus",2026-05-10T10:00:40.125762
EBC-2025-2-0367|Rocky Mountain House-Banff Park hybrid|full_corpus,2026-05-10T10:00:45.113986
"EBC-2025-2-0423|Red Deer hybrid ridings (Blackfalds, Sylvan Lake, Innisfail)|full_corpus",2026-05-10T10:00:59.637350
"EBC-2025-2-0371|Red Deer hybrid ridings (Blackfalds, Sylvan Lake, Innisfail)|full_corpus",2026-05-10T10:01:05.461397
EBC-2025-2-0433|Chestermere merging with Calgary|full_corpus,2026-05-10T10:01:24.478738
EBC-2025-2-0374|Rocky Mountain House-Banff Park hybrid|full_corpus,2026-05-10T10:01:29.308075
EBC-2025-2-0442|Rocky Mountain House-Banff Park hybrid|full_corpus,2026-05-10T10:01:57.257646
EBC-2025-2-0376|Rocky Mountain House-Banff Park hybrid|full_corpus,2026-05-10T10:01:58.635912
EBC-2025-2-0381|Chestermere merging with Calgary|full_corpus,2026-05-10T10:02:19.445100
EBC-2025-2-0467|Chestermere merging with Calgary|full_corpus,2026-05-10T10:02:28.391104
EBC-2025-2-0383|Rocky Mountain House-Banff Park hybrid|full_corpus,2026-05-10T10:02:48.642276
EBC-2025-2-0472|Calgary-Nolan Hill-Cochrane hybrid|full_corpus,2026-05-10T10:02:59.778422
EBC-2025-2-0384|Chestermere merging with Calgary|full_corpus,2026-05-10T10:03:13.955599
"EBC-2025-2-0472|Red Deer hybrid ridings (Blackfalds, Sylvan Lake, Innisfail)|full_corpus",2026-05-10T10:03:21.460238
EBC-2025-2-0387|Rocky Mountain House-Banff Park hybrid|full_corpus,2026-05-10T10:03:44.071555
EBC-2025-2-0472|St. Albert merging with Sturgeon County|full_corpus,2026-05-10T10:03:54.350760
"EBC-2025-2-0392|Red Deer hybrid ridings (Blackfalds, Sylvan Lake, Innisfail)|full_corpus",2026-05-10T10:04:07.813579
EBC-2025-2-0486|Rocky Mountain House-Banff Park hybrid|full_corpus,2026-05-10T10:04:27.443415
"EBC-2025-2-0399|Red Deer hybrid ridings (Blackfalds, Sylvan Lake, Innisfail)|full_corpus",2026-05-10T10:04:34.311904
EBC-2025-2-0497|Rocky Mountain House-Banff Park hybrid|full_corpus,2026-05-10T10:05:01.902698
"EBC-2025-2-0402|Red Deer hybrid ridings (Blackfalds, Sylvan Lake, Innisfail)|full_corpus",2026-05-10T10:05:09.808428
EBC-2025-2-0504|St. Albert merging with Sturgeon County|full_corpus,2026-05-10T10:05:29.798091
EBC-2025-2-0403|Olds-Three Hills-Didsbury extending to Airdrie|full_corpus,2026-05-10T10:05:33.173330
EBC-2025-2-0506|Olds-Three Hills-Didsbury extending to Airdrie|full_corpus,2026-05-10T10:05:56.068126
"EBC-2025-2-0408|Red Deer hybrid ridings (Blackfalds, Sylvan Lake, Innisfail)|full_corpus",2026-05-10T10:06:01.781421
"EBC-2025-2-0509|Red Deer hybrid ridings (Blackfalds, Sylvan Lake, Innisfail)|full_corpus",2026-05-10T10:06:28.050197
EBC-2025-2-0409|Rocky Mountain House-Banff Park hybrid|full_corpus,2026-05-10T10:06:34.275850
EBC-2025-2-0513|Calgary-Nolan Hill-Cochrane hybrid|full_corpus,2026-05-10T10:06:50.037078
EBC-2025-2-0420|Rocky Mountain House-Banff Park hybrid|full_corpus,2026-05-10T10:07:21.132863
EBC-2025-2-0521|St. Albert merging with Sturgeon County|full_corpus,2026-05-10T10:07:21.378329
"EBC-2025-2-0532|Red Deer hybrid ridings (Blackfalds, Sylvan Lake, Innisfail)|full_corpus",2026-05-10T10:08:08.999332
"EBC-2025-2-0421|Red Deer hybrid ridings (Blackfalds, Sylvan Lake, Innisfail)|full_corpus",2026-05-10T10:08:14.676206
EBC-2025-2-0535|Rocky Mountain House-Banff Park hybrid|full_corpus,2026-05-10T10:08:43.859203
"EBC-2025-2-0423|Red Deer hybrid ridings (Blackfalds, Sylvan Lake, Innisfail)|full_corpus",2026-05-10T10:08:46.172525
EBC-2025-2-0536|Rocky Mountain House-Banff Park hybrid|full_corpus,2026-05-10T10:09:02.788940
EBC-2025-2-0433|Chestermere merging with Calgary|full_corpus,2026-05-10T10:09:11.776570
EBC-2025-2-0541|Calgary-Nolan Hill-Cochrane hybrid|full_corpus,2026-05-10T10:09:47.164153
EBC-2025-2-0442|Rocky Mountain House-Banff Park hybrid|full_corpus,2026-05-10T10:10:01.448715
EBC-2025-2-0467|Chestermere merging with Calgary|full_corpus,2026-05-10T10:10:57.302504
EBC-2025-2-0545|Rocky Mountain House-Banff Park hybrid|full_corpus,2026-05-10T10:11:13.030823
EBC-2025-2-0472|Calgary-Nolan Hill-Cochrane hybrid|full_corpus,2026-05-10T10:11:25.265954
"EBC-2025-2-0472|Red Deer hybrid ridings (Blackfalds, Sylvan Lake, Innisfail)|full_corpus",2026-05-10T10:11:59.877124
EBC-2025-2-0472|St. Albert merging with Sturgeon County|full_corpus,2026-05-10T10:12:35.635775
EBC-2025-2-0550|Olds-Three Hills-Didsbury extending to Airdrie|full_corpus,2026-05-10T10:12:50.741238
EBC-2025-2-0486|Rocky Mountain House-Banff Park hybrid|full_corpus,2026-05-10T10:13:06.932515
EBC-2025-2-0554|Rocky Mountain House-Banff Park hybrid|full_corpus,2026-05-10T10:13:27.515924
EBC-2025-2-0497|Rocky Mountain House-Banff Park hybrid|full_corpus,2026-05-10T10:13:44.026871
EBC-2025-2-0555|Rocky Mountain House-Banff Park hybrid|full_corpus,2026-05-10T10:14:04.063168
EBC-2025-2-0504|St. Albert merging with Sturgeon County|full_corpus,2026-05-10T10:14:18.637310
"EBC-2025-2-0557|Red Deer hybrid ridings (Blackfalds, Sylvan Lake, Innisfail)|full_corpus",2026-05-10T10:14:35.196358
"EBC-2025-2-0558|Red Deer hybrid ridings (Blackfalds, Sylvan Lake, Innisfail)|full_corpus",2026-05-10T10:15:01.056115
EBC-2025-2-0506|Olds-Three Hills-Didsbury extending to Airdrie|full_corpus,2026-05-10T10:15:11.552170
"EBC-2025-2-0559|Red Deer hybrid ridings (Blackfalds, Sylvan Lake, Innisfail)|full_corpus",2026-05-10T10:15:34.685934
"EBC-2025-2-0509|Red Deer hybrid ridings (Blackfalds, Sylvan Lake, Innisfail)|full_corpus",2026-05-10T10:15:44.220720
"EBC-2025-2-0565|Red Deer hybrid ridings (Blackfalds, Sylvan Lake, Innisfail)|full_corpus",2026-05-10T10:16:05.616863
EBC-2025-2-0513|Calgary-Nolan Hill-Cochrane hybrid|full_corpus,2026-05-10T10:16:10.087870
"EBC-2025-2-0574|Red Deer hybrid ridings (Blackfalds, Sylvan Lake, Innisfail)|full_corpus",2026-05-10T10:16:30.118066
EBC-2025-2-0521|St. Albert merging with Sturgeon County|full_corpus,2026-05-10T10:16:39.555851
"EBC-2025-2-0532|Red Deer hybrid ridings (Blackfalds, Sylvan Lake, Innisfail)|full_corpus",2026-05-10T10:17:07.509724
"EBC-2025-2-0575|Red Deer hybrid ridings (Blackfalds, Sylvan Lake, Innisfail)|full_corpus",2026-05-10T10:17:10.123453
EBC-2025-2-0578|St. Albert merging with Sturgeon County|full_corpus,2026-05-10T10:17:40.924059
EBC-2025-2-0535|Rocky Mountain House-Banff Park hybrid|full_corpus,2026-05-10T10:17:57.886923
EBC-2025-2-0582|St. Albert merging with Sturgeon County|full_corpus,2026-05-10T10:18:16.120581
EBC-2025-2-0536|Rocky Mountain House-Banff Park hybrid|full_corpus,2026-05-10T10:18:34.767030
EBC-2025-2-0585|Rocky Mountain House-Banff Park hybrid|full_corpus,2026-05-10T10:18:48.542287
EBC-2025-2-0541|Calgary-Nolan Hill-Cochrane hybrid|full_corpus,2026-05-10T10:19:15.938748
EBC-2025-2-0592|Rocky Mountain House-Banff Park hybrid|full_corpus,2026-05-10T10:19:30.961062
EBC-2025-2-0543|Rocky Mountain House-Banff Park hybrid|full_corpus,2026-05-10T10:19:54.980110
"EBC-2025-2-0593|Red Deer hybrid ridings (Blackfalds, Sylvan Lake, Innisfail)|full_corpus",2026-05-10T10:20:04.410658
EBC-2025-2-0597|Rocky Mountain House-Banff Park hybrid|full_corpus,2026-05-10T10:20:27.028406
EBC-2025-2-0545|Rocky Mountain House-Banff Park hybrid|full_corpus,2026-05-10T10:20:28.454127
EBC-2025-2-0599|Rocky Mountain House-Banff Park hybrid|full_corpus,2026-05-10T10:20:55.817624
EBC-2025-2-0548|Rocky Mountain House-Banff Park hybrid|full_corpus,2026-05-10T10:21:02.942323
EBC-2025-2-0617|Calgary-Nolan Hill-Cochrane hybrid|full_corpus,2026-05-10T10:21:21.246689
EBC-2025-2-0550|Olds-Three Hills-Didsbury extending to Airdrie|full_corpus,2026-05-10T10:21:34.872614
EBC-2025-2-0618|Rocky Mountain House-Banff Park hybrid|full_corpus,2026-05-10T10:21:53.042845
EBC-2025-2-0554|Rocky Mountain House-Banff Park hybrid|full_corpus,2026-05-10T10:22:10.082012
EBC-2025-2-0618|Chestermere merging with Calgary|full_corpus,2026-05-10T10:22:22.667269
EBC-2025-2-0555|Rocky Mountain House-Banff Park hybrid|full_corpus,2026-05-10T10:22:35.265045
EBC-2025-2-0619|Rocky Mountain House-Banff Park hybrid|full_corpus,2026-05-10T10:22:47.735016
"EBC-2025-2-0557|Red Deer hybrid ridings (Blackfalds, Sylvan Lake, Innisfail)|full_corpus",2026-05-10T10:23:05.809455
EBC-2025-2-0621|Rocky Mountain House-Banff Park hybrid|full_corpus,2026-05-10T10:23:19.587918
"EBC-2025-2-0558|Red Deer hybrid ridings (Blackfalds, Sylvan Lake, Innisfail)|full_corpus",2026-05-10T10:23:33.689890
EBC-2025-2-0622|Rocky Mountain House-Banff Park hybrid|full_corpus,2026-05-10T10:23:48.089737
"EBC-2025-2-0627|Red Deer hybrid ridings (Blackfalds, Sylvan Lake, Innisfail)|full_corpus",2026-05-10T10:24:20.333286
"EBC-2025-2-0559|Red Deer hybrid ridings (Blackfalds, Sylvan Lake, Innisfail)|full_corpus",2026-05-10T10:24:21.079791
"EBC-2025-2-0629|Red Deer hybrid ridings (Blackfalds, Sylvan Lake, Innisfail)|full_corpus",2026-05-10T10:24:48.028318
"EBC-2025-2-0565|Red Deer hybrid ridings (Blackfalds, Sylvan Lake, Innisfail)|full_corpus",2026-05-10T10:24:49.566509
EBC-2025-2-0629|St. Albert merging with Sturgeon County|full_corpus,2026-05-10T10:25:09.487508
"EBC-2025-2-0574|Red Deer hybrid ridings (Blackfalds, Sylvan Lake, Innisfail)|full_corpus",2026-05-10T10:25:20.736809
"EBC-2025-2-0630|Red Deer hybrid ridings (Blackfalds, Sylvan Lake, Innisfail)|full_corpus",2026-05-10T10:25:54.045705
"EBC-2025-2-0575|Red Deer hybrid ridings (Blackfalds, Sylvan Lake, Innisfail)|full_corpus",2026-05-10T10:26:03.945811
EBC-2025-2-0630|St. Albert merging with Sturgeon County|full_corpus,2026-05-10T10:26:27.492174
EBC-2025-2-0578|St. Albert merging with Sturgeon County|full_corpus,2026-05-10T10:26:35.077080
EBC-2025-2-0631|Rocky Mountain House-Banff Park hybrid|full_corpus,2026-05-10T10:26:57.825082
EBC-2025-2-0582|St. Albert merging with Sturgeon County|full_corpus,2026-05-10T10:27:12.458592
EBC-2025-2-0634|Rocky Mountain House-Banff Park hybrid|full_corpus,2026-05-10T10:27:35.925074
EBC-2025-2-0585|Rocky Mountain House-Banff Park hybrid|full_corpus,2026-05-10T10:27:52.763352
EBC-2025-2-0638|Calgary-Nolan Hill-Cochrane hybrid|full_corpus,2026-05-10T10:28:05.715440
EBC-2025-2-0647|Rocky Mountain House-Banff Park hybrid|full_corpus,2026-05-10T10:28:22.220820
EBC-2025-2-0592|Rocky Mountain House-Banff Park hybrid|full_corpus,2026-05-10T10:28:31.403901
"EBC-2025-2-0651|Red Deer hybrid ridings (Blackfalds, Sylvan Lake, Innisfail)|full_corpus",2026-05-10T10:28:54.514379
"EBC-2025-2-0593|Red Deer hybrid ridings (Blackfalds, Sylvan Lake, Innisfail)|full_corpus",2026-05-10T10:29:00.503424
EBC-2025-2-0660|Rocky Mountain House-Banff Park hybrid|full_corpus,2026-05-10T10:29:30.256441
EBC-2025-2-0597|Rocky Mountain House-Banff Park hybrid|full_corpus,2026-05-10T10:29:35.423561
"EBC-2025-2-0661|Red Deer hybrid ridings (Blackfalds, Sylvan Lake, Innisfail)|full_corpus",2026-05-10T10:29:52.639613
EBC-2025-2-0599|Rocky Mountain House-Banff Park hybrid|full_corpus,2026-05-10T10:30:04.247268
EBC-2025-2-0662|Rocky Mountain House-Banff Park hybrid|full_corpus,2026-05-10T10:30:22.362570
EBC-2025-2-0617|Calgary-Nolan Hill-Cochrane hybrid|full_corpus,2026-05-10T10:30:23.479033
EBC-2025-2-0671|Airdrie 4-way split|full_corpus,2026-05-10T10:30:41.874862
EBC-2025-2-0618|Rocky Mountain House-Banff Park hybrid|full_corpus,2026-05-10T10:30:43.951210
EBC-2025-2-0671|Calgary-Nolan Hill-Cochrane hybrid|full_corpus,2026-05-10T10:30:54.396540
EBC-2025-2-0618|Chestermere merging with Calgary|full_corpus,2026-05-10T10:31:01.315377
EBC-2025-2-0619|Rocky Mountain House-Banff Park hybrid|full_corpus,2026-05-10T10:31:16.904707
"EBC-2025-2-0675|Red Deer hybrid ridings (Blackfalds, Sylvan Lake, Innisfail)|full_corpus",2026-05-10T10:31:20.066654
EBC-2025-2-0621|Rocky Mountain House-Banff Park hybrid|full_corpus,2026-05-10T10:31:31.728067
EBC-2025-2-0681|Rocky Mountain House-Banff Park hybrid|full_corpus,2026-05-10T10:31:36.701270
EBC-2025-2-0622|Rocky Mountain House-Banff Park hybrid|full_corpus,2026-05-10T10:31:45.402738
EBC-2025-2-0681|Olds-Three Hills-Didsbury extending to Airdrie|full_corpus,2026-05-10T10:31:52.676074
"EBC-2025-2-0627|Red Deer hybrid ridings (Blackfalds, Sylvan Lake, Innisfail)|full_corpus",2026-05-10T10:31:59.430568
EBC-2025-2-0684|Rocky Mountain House-Banff Park hybrid|full_corpus,2026-05-10T10:32:08.650400
"EBC-2025-2-0629|Red Deer hybrid ridings (Blackfalds, Sylvan Lake, Innisfail)|full_corpus",2026-05-10T10:32:14.049842
EBC-2025-2-0687|Airdrie 4-way split|full_corpus,2026-05-10T10:32:28.899866
EBC-2025-2-0629|St. Albert merging with Sturgeon County|full_corpus,2026-05-10T10:32:29.289710
EBC-2025-2-0687|Chestermere merging with Calgary|full_corpus,2026-05-10T10:32:44.260714
"EBC-2025-2-0630|Red Deer hybrid ridings (Blackfalds, Sylvan Lake, Innisfail)|full_corpus",2026-05-10T10:32:59.182720
EBC-2025-2-0693|Rocky Mountain House-Banff Park hybrid|full_corpus,2026-05-10T10:33:03.268581
EBC-2025-2-0630|St. Albert merging with Sturgeon County|full_corpus,2026-05-10T10:33:19.451883
"EBC-2025-2-0697|Red Deer hybrid ridings (Blackfalds, Sylvan Lake, Innisfail)|full_corpus",2026-05-10T10:33:24.179678
EBC-2025-2-0631|Rocky Mountain House-Banff Park hybrid|full_corpus,2026-05-10T10:33:38.097904
EBC-2025-2-0717|Calgary-Nolan Hill-Cochrane hybrid|full_corpus,2026-05-10T10:33:41.003624
"EBC-2025-2-0719|Red Deer hybrid ridings (Blackfalds, Sylvan Lake, Innisfail)|full_corpus",2026-05-10T10:33:57.090068
EBC-2025-2-0634|Rocky Mountain House-Banff Park hybrid|full_corpus,2026-05-10T10:34:02.026873
EBC-2025-2-0748|Chestermere merging with Calgary|full_corpus,2026-05-10T10:34:15.197835
EBC-2025-2-0638|Calgary-Nolan Hill-Cochrane hybrid|full_corpus,2026-05-10T10:34:24.296574
EBC-2025-2-0755|Olds-Three Hills-Didsbury extending to Airdrie|full_corpus,2026-05-10T10:34:35.032744
EBC-2025-2-0647|Rocky Mountain House-Banff Park hybrid|full_corpus,2026-05-10T10:34:40.988721
EBC-2025-2-0759|Rocky Mountain House-Banff Park hybrid|full_corpus,2026-05-10T10:34:49.844378
"EBC-2025-2-0651|Red Deer hybrid ridings (Blackfalds, Sylvan Lake, Innisfail)|full_corpus",2026-05-10T10:34:55.505069
"EBC-2025-2-0771|Red Deer hybrid ridings (Blackfalds, Sylvan Lake, Innisfail)|full_corpus",2026-05-10T10:35:07.011417
EBC-2025-2-0660|Rocky Mountain House-Banff Park hybrid|full_corpus,2026-05-10T10:35:18.066412
EBC-2025-2-0772|Rocky Mountain House-Banff Park hybrid|full_corpus,2026-05-10T10:35:24.715523
"EBC-2025-2-0661|Red Deer hybrid ridings (Blackfalds, Sylvan Lake, Innisfail)|full_corpus",2026-05-10T10:35:34.602323
EBC-2025-2-0778|Airdrie 4-way split|full_corpus,2026-05-10T10:35:43.636684
EBC-2025-2-0662|Rocky Mountain House-Banff Park hybrid|full_corpus,2026-05-10T10:35:53.183055
EBC-2025-2-0782|Calgary-Nolan Hill-Cochrane hybrid|full_corpus,2026-05-10T10:36:09.516843
EBC-2025-2-0671|Airdrie 4-way split|full_corpus,2026-05-10T10:36:12.168538
"EBC-2025-2-0782|Red Deer hybrid ridings (Blackfalds, Sylvan Lake, Innisfail)|full_corpus",2026-05-10T10:36:27.606937
EBC-2025-2-0671|Calgary-Nolan Hill-Cochrane hybrid|full_corpus,2026-05-10T10:36:28.135676
"EBC-2025-2-0675|Red Deer hybrid ridings (Blackfalds, Sylvan Lake, Innisfail)|full_corpus",2026-05-10T10:36:42.389977
EBC-2025-2-0782|St. Albert merging with Sturgeon County|full_corpus,2026-05-10T10:36:44.150783
EBC-2025-2-0681|Rocky Mountain House-Banff Park hybrid|full_corpus,2026-05-10T10:36:59.184640
EBC-2025-2-0785|Chestermere merging with Calgary|full_corpus,2026-05-10T10:36:59.441395
EBC-2025-2-0681|Olds-Three Hills-Didsbury extending to Airdrie|full_corpus,2026-05-10T10:37:14.627822
EBC-2025-2-0787|Chestermere merging with Calgary|full_corpus,2026-05-10T10:37:20.346956
EBC-2025-2-0790|Rocky Mountain House-Banff Park hybrid|full_corpus,2026-05-10T10:37:33.918085
EBC-2025-2-0684|Rocky Mountain House-Banff Park hybrid|full_corpus,2026-05-10T10:37:40.454429
EBC-2025-2-0796|Airdrie 4-way split|full_corpus,2026-05-10T10:37:49.905661
EBC-2025-2-0687|Airdrie 4-way split|full_corpus,2026-05-10T10:37:57.550632
EBC-2025-2-0687|Chestermere merging with Calgary|full_corpus,2026-05-10T10:38:11.211613
"EBC-2025-2-0806|Red Deer hybrid ridings (Blackfalds, Sylvan Lake, Innisfail)|full_corpus",2026-05-10T10:38:11.804949
EBC-2025-2-0693|Rocky Mountain House-Banff Park hybrid|full_corpus,2026-05-10T10:38:26.947864
EBC-2025-2-0811|Chestermere merging with Calgary|full_corpus,2026-05-10T10:38:39.730710
"EBC-2025-2-0697|Red Deer hybrid ridings (Blackfalds, Sylvan Lake, Innisfail)|full_corpus",2026-05-10T10:38:40.621307
EBC-2025-2-0717|Calgary-Nolan Hill-Cochrane hybrid|full_corpus,2026-05-10T10:38:58.207687
EBC-2025-2-0813|Calgary-Nolan Hill-Cochrane hybrid|full_corpus,2026-05-10T10:38:59.361424
"EBC-2025-2-0819|Red Deer hybrid ridings (Blackfalds, Sylvan Lake, Innisfail)|full_corpus",2026-05-10T10:39:14.294094
"EBC-2025-2-0719|Red Deer hybrid ridings (Blackfalds, Sylvan Lake, Innisfail)|full_corpus",2026-05-10T10:39:15.331358
EBC-2025-2-0835|St. Albert merging with Sturgeon County|full_corpus,2026-05-10T10:39:31.099956
EBC-2025-2-0748|Chestermere merging with Calgary|full_corpus,2026-05-10T10:39:35.410068
EBC-2025-2-0844|Rocky Mountain House-Banff Park hybrid|full_corpus,2026-05-10T10:39:44.137259
EBC-2025-2-0755|Olds-Three Hills-Didsbury extending to Airdrie|full_corpus,2026-05-10T10:39:54.063066
EBC-2025-2-0845|Rocky Mountain House-Banff Park hybrid|full_corpus,2026-05-10T10:39:59.133803
EBC-2025-2-0759|Rocky Mountain House-Banff Park hybrid|full_corpus,2026-05-10T10:40:14.222184
"EBC-2025-2-0847|Red Deer hybrid ridings (Blackfalds, Sylvan Lake, Innisfail)|full_corpus",2026-05-10T10:40:14.973585
"EBC-2025-2-0771|Red Deer hybrid ridings (Blackfalds, Sylvan Lake, Innisfail)|full_corpus",2026-05-10T10:40:28.413300
"EBC-2025-2-0849|Red Deer hybrid ridings (Blackfalds, Sylvan Lake, Innisfail)|full_corpus",2026-05-10T10:40:40.107851
EBC-2025-2-0772|Rocky Mountain House-Banff Park hybrid|full_corpus,2026-05-10T10:40:47.614362
EBC-2025-2-0850|Rocky Mountain House-Banff Park hybrid|full_corpus,2026-05-10T10:40:54.674131
EBC-2025-2-0778|Airdrie 4-way split|full_corpus,2026-05-10T10:41:07.424086
EBC-2025-2-0852|Airdrie 4-way split|full_corpus,2026-05-10T10:41:08.000459
EBC-2025-2-0862|Airdrie 4-way split|full_corpus,2026-05-10T10:41:21.827545
EBC-2025-2-0782|Calgary-Nolan Hill-Cochrane hybrid|full_corpus,2026-05-10T10:41:22.643659
"EBC-2025-2-0782|Red Deer hybrid ridings (Blackfalds, Sylvan Lake, Innisfail)|full_corpus",2026-05-10T10:41:36.135807
EBC-2025-2-0872|Rocky Mountain House-Banff Park hybrid|full_corpus,2026-05-10T10:41:37.901013
EBC-2025-2-0782|St. Albert merging with Sturgeon County|full_corpus,2026-05-10T10:41:53.033634
EBC-2025-2-0873|Rocky Mountain House-Banff Park hybrid|full_corpus,2026-05-10T10:42:04.815564
EBC-2025-2-0785|Chestermere merging with Calgary|full_corpus,2026-05-10T10:42:09.059394
"EBC-2025-2-0874|Red Deer hybrid ridings (Blackfalds, Sylvan Lake, Innisfail)|full_corpus",2026-05-10T10:42:26.021126
EBC-2025-2-0787|Chestermere merging with Calgary|full_corpus,2026-05-10T10:42:33.757001
EBC-2025-2-0875|Calgary-Nolan Hill-Cochrane hybrid|full_corpus,2026-05-10T10:42:44.130251
EBC-2025-2-0790|Rocky Mountain House-Banff Park hybrid|full_corpus,2026-05-10T10:42:48.079651
EBC-2025-2-0796|Airdrie 4-way split|full_corpus,2026-05-10T10:43:06.043682
"EBC-2025-2-0875|Red Deer hybrid ridings (Blackfalds, Sylvan Lake, Innisfail)|full_corpus",2026-05-10T10:43:15.802486
"EBC-2025-2-0806|Red Deer hybrid ridings (Blackfalds, Sylvan Lake, Innisfail)|full_corpus",2026-05-10T10:43:19.316008
EBC-2025-2-0875|St. Albert merging with Sturgeon County|full_corpus,2026-05-10T10:43:35.425919
EBC-2025-2-0811|Chestermere merging with Calgary|full_corpus,2026-05-10T10:43:44.357774
EBC-2025-2-0878|Rocky Mountain House-Banff Park hybrid|full_corpus,2026-05-10T10:43:51.367752
EBC-2025-2-0881|Calgary-Nolan Hill-Cochrane hybrid|full_corpus,2026-05-10T10:44:06.442036
EBC-2025-2-0813|Calgary-Nolan Hill-Cochrane hybrid|full_corpus,2026-05-10T10:44:13.072368
EBC-2025-2-0882|Rocky Mountain House-Banff Park hybrid|full_corpus,2026-05-10T10:44:24.529817
"EBC-2025-2-0819|Red Deer hybrid ridings (Blackfalds, Sylvan Lake, Innisfail)|full_corpus",2026-05-10T10:44:28.639643
EBC-2025-2-0896|Rocky Mountain House-Banff Park hybrid|full_corpus,2026-05-10T10:44:40.994835
EBC-2025-2-0835|St. Albert merging with Sturgeon County|full_corpus,2026-05-10T10:44:43.603451
EBC-2025-2-0898|Calgary-Nolan Hill-Cochrane hybrid|full_corpus,2026-05-10T10:44:55.846887
EBC-2025-2-0844|Rocky Mountain House-Banff Park hybrid|full_corpus,2026-05-10T10:44:57.740889
EBC-2025-2-0845|Rocky Mountain House-Banff Park hybrid|full_corpus,2026-05-10T10:45:12.667059
EBC-2025-2-0900|Rocky Mountain House-Banff Park hybrid|full_corpus,2026-05-10T10:45:16.188895
"EBC-2025-2-0847|Red Deer hybrid ridings (Blackfalds, Sylvan Lake, Innisfail)|full_corpus",2026-05-10T10:45:27.480092
EBC-2025-2-0908|Rocky Mountain House-Banff Park hybrid|full_corpus,2026-05-10T10:45:31.717899
"EBC-2025-2-0849|Red Deer hybrid ridings (Blackfalds, Sylvan Lake, Innisfail)|full_corpus",2026-05-10T10:45:40.865755
EBC-2025-2-0915|Rocky Mountain House-Banff Park hybrid|full_corpus,2026-05-10T10:45:47.014635
EBC-2025-2-0850|Rocky Mountain House-Banff Park hybrid|full_corpus,2026-05-10T10:45:58.554621
EBC-2025-2-0920|Calgary-Nolan Hill-Cochrane hybrid|full_corpus,2026-05-10T10:46:03.551158
EBC-2025-2-0852|Airdrie 4-way split|full_corpus,2026-05-10T10:46:13.307953
EBC-2025-2-0922|Rocky Mountain House-Banff Park hybrid|full_corpus,2026-05-10T10:46:19.654907
EBC-2025-2-0862|Airdrie 4-way split|full_corpus,2026-05-10T10:46:31.839791
EBC-2025-2-0924|Calgary-Nolan Hill-Cochrane hybrid|full_corpus,2026-05-10T10:46:36.586592
EBC-2025-2-0872|Rocky Mountain House-Banff Park hybrid|full_corpus,2026-05-10T10:46:52.143139
EBC-2025-2-0944|Calgary-Nolan Hill-Cochrane hybrid|full_corpus,2026-05-10T10:47:00.333397
EBC-2025-2-0873|Rocky Mountain House-Banff Park hybrid|full_corpus,2026-05-10T10:47:08.405440
EBC-2025-2-0953|Rocky Mountain House-Banff Park hybrid|full_corpus,2026-05-10T10:47:16.762423
"EBC-2025-2-0874|Red Deer hybrid ridings (Blackfalds, Sylvan Lake, Innisfail)|full_corpus",2026-05-10T10:47:21.217884
"EBC-2025-2-0953|Red Deer hybrid ridings (Blackfalds, Sylvan Lake, Innisfail)|full_corpus",2026-05-10T10:47:30.653843
EBC-2025-2-0875|Calgary-Nolan Hill-Cochrane hybrid|full_corpus,2026-05-10T10:47:41.714754
EBC-2025-2-0960|Calgary-Nolan Hill-Cochrane hybrid|full_corpus,2026-05-10T10:47:50.088529
"EBC-2025-2-0875|Red Deer hybrid ridings (Blackfalds, Sylvan Lake, Innisfail)|full_corpus",2026-05-10T10:48:03.514558
"EBC-2025-2-0960|Red Deer hybrid ridings (Blackfalds, Sylvan Lake, Innisfail)|full_corpus",2026-05-10T10:48:13.084476
EBC-2025-2-0875|St. Albert merging with Sturgeon County|full_corpus,2026-05-10T10:48:19.909859
